<?xml version="1.0" encoding="UTF-8"?>
<templates id="template" xml:space="preserve">
    <t t-name="point_of_sale.ProductInfoPopup" t-inherit="point_of_sale.ProductInfoPopup" t-inherit-mode="extension">
        <xpath expr="//div[hasclass('section-inventory')]"  position="replace">
           <h3 class="section-title" style="text-align:left">
                          Inventory  Locations
                        </h3>
                        <div class="section-inventory-body">
                            <t t-foreach="productInfo.locations" t-as="locationdata" t-key="locationdata.location_id">
                                <div class="d-flex flex-column flex-md-row gap-2">
                                    <div>
                                        <t t-esc="locationdata.location_id" class="table-name"/>
                                        :
                                    </div>
                                    <div>
                                        <span class="me-1 fw-bolder"><t t-esc="locationdata.inventory_quantity" class="table-name"/></span>
                                    </div>
                                </div>
                            </t>
                        </div>
        </xpath>
        
    </t>
</templates>